Workbook

Sheet Cp_Database_200
A1: sr. no. | B1: Materials | C1: formula | D1: Cp model | E1: Category | F1: A | G1: B | H1: C | I1: D | J1: E | K1: Tmin(k) | L1: Tmax(k) | M1: Unit | N1: Source | O1: Molar Mass (g/mol)
A2: 1 | B2: Aluminium | C2: Al | D2: Shomate | E2: Metal | F2: 28.0892 | G2: -5.414849 | H2: 8.560423 | I2: 3.42737 | J2: -0.277375 | K2: 298 | L2: 933 | M2: J/mol*k | N2: NIST Chemistry WebBook | O2: 26.982
A3: 2 | B3: Copper | C3: Cu | D3: Shomate | E3: Metal | F3: 17.72891 | G3: 28.0987 | H3: -31.25289 | I3: 13.97243 | J3: 0.068611 | K3: 298 | L3: 1358 | M3: J/mol*k | N3: NIST Chemistry WebBook | O3: 63.546
A4: 3 | B4: Iron | C4: Fe | D4: Shomate | E4: Metal | F4: 18.42868 | G4: 24.64301 | H4: -8.91372 | I4: 9.664706 | J4: -0.012643 | K4: 298 | L4: 700 | M4: J/mol*k | N4: NIST Chemistry WebBook | O4: 55.845
A5: 4 | B5: Titanium | C5: Ti | D5: Shomate | E5: Metal | F5: 22.61942 | G5: 18.98795 | H5: -18.18735 | I5: 7.080792 | J5: -0.143457 | K5: 298 | L5: 700 | M5: J/mol*k | N5: NIST Chemistry WebBook | O5: 47.867
A6: 5 | B6: Nickel | C6: Ni | D6: Shomate | E6: Metal | F6: 13.6916 | G6: 82.49509 | H6: -174.9548 | I6: 161.6011 | J6: -0.092417 | K6: 298 | L6: 600 | M6: J/mol*k | N6: NIST Chemistry WebBook | O6: 58.693
A7: 6 | B7: Chromium | C7: Cr | D7: Shomate | E7: Metal | F7: 7.489737 | G7: 71.50498 | H7: -91.67562 | I7: 46.0445 | J7: 0.138157 | K7: 298 | L7: 600 | M7: J/mol*k | N7: NIST Chemistry WebBook | O7: 51.996
A8: 7 | B8: Tungsten | C8: W | D8: Shomate | E8: Metal | F8: 23.9593 | G8: 2.63968 | H8: 1.25775 | I8: -0.254642 | J8: -0.048407 | K8: 298 | L8: 1900 | M8: J/mol*k | N8: NIST Chemistry WebBook | O8: 183.84
A9: 8 | B9: Molybdenum | C9: Mo | D9: Shomate | E9: Metal | F9: 24.72736 | G9: 3.960425 | H9: -1.270706 | I9: 1.153065 | J9: -0.170246 | K9: 298 | L9: 1900 | M9: J/mol*k | N9: NIST Chemistry WebBook | O9: 95.95
A10: 9 | B10: Zinc | C10: Zn | D10: Shomate | E10: Metal | F10: 25.60123 | G10: -4.405292 | H10: 20.42206 | I10: -7.399697 | J10: -0.045801 | K10: 298 | L10: 692.73 | M10: J/mol*k | N10: NIST Chemistry WebBook | O10: 65.38
A11: 10 | B11: Magnesium | C11: Mg | D11: Shomate | E11: Metal | F11: 26.54083 | G11: -1.533048 | H11: 8.062443 | I11: 0.57217 | J11: -0.174221 | K11: 298 | L11: 923 | M11: J/mol*k | N11: NIST Chemistry WebBook | O11: 24.305
A12: 11 | B12: Lead | C12: Pb | D12: Shomate | E12: Metal | F12: 25.0145 | G12: 5.441836 | H12: 4.061367 | I12: -1.236214 | J12: -0.010657 | K12: 298 | L12: 600.6 | M12: J/mol*k | N12: NIST Chemistry WebBook | O12: 207.2
A13: 12 | B13: Cobalt | C13: Co | D13: Shomate | E13: Metal | F13: 10.9943 | G13: 54.375 | H13: -55.5132 | I13: 25.817 | J13: 0.164533 | K13: 298 | L13: 700 | M13: J/mol*k | N13: NIST Chemistry WebBook | O13: 58.933
... A201: 200 | B201: Bromine | C201: Br2 | D201: Shomate | E201: Halide & Salt | F201: 38.52723 | G201: -1.976835 | H201: 1.526107 | I201: -0.198398 | J201: -0.185815 | K201: 332.503 | L201: 3400 | M201: J/mol*k | N201: NIST Chemistry WebBook | O201: 159.808

Sheet Cp_Calculations
A1: sr. no. | B1: Materials | C1: formula | D1: Category | E1: Tmin (K) | F1: Tmax (K) | G1: Cp @ 298.15 K [J/(mol*K)] | H1: Cp @ 400 K [J/(mol*K)] | I1: Cp @ 500 K [J/(mol*K)] | J1: Cp @ 600 K [J/(mol*K)] | K1: Cp @ 700 K [J/(mol*K)] | L1: Cp @ 800 K [J/(mol*K)] | M1: Cp @ 1000 K [J/(mol*K)] | N1: Cp @ 1200 K [J/(mol*K)] | O1: Cp @ 1500 K [J/(mol*K)] | P1: Cp @ 2000 K [J/(mol*K)]
A2: =Cp_Database_200!A2 -> 1 | B2: =Cp_Database_200!B2 -> Aluminium | C2: =Cp_Database_200!C2 -> Al | D2: =Cp_Database_200!E2 -> Metal | E2: =Cp_Database_200!K2 -> 298 | F2: =Cp_Database_200!L2 -> 933 | G2: =IF(AND(298.15>=$E2, 298.15<=$F2), ROUND(Cp_Database_200!$F2 + Cp_Database_200!$G2*0.29815 + Cp_Database_200!$H2*0.08889342 + Cp_Database_200!$I2*0.02650357 + Cp_Database_200!$J2/0.08889342, 2), "-") -> 24.21 | H2: =IF(AND(400>=$E2, 400<=$F2), ROUND(Cp_Database_200!$F2 + Cp_Database_200!$G2*0.4 + Cp_Database_200!$H2*0.16 + Cp_Database_200!$I2*0.064 + Cp_Database_200!$J2/0.16, 2), "-") -> 25.78 | I2: =IF(AND(500>=$E2, 500<=$F2), ROUND(Cp_Database_200!$F2 + Cp_Database_200!$G2*0.5 + Cp_Database_200!$H2*0.25 + Cp_Database_200!$I2*0.125 + Cp_Database_200!$J2/0.25, 2), "-") -> 26.84 | J2: =IF(AND(600>=$E2, 600<=$F2), ROUND(Cp_Database_200!$F2 + Cp_Database_200!$G2*0.6 + Cp_Database_200!$H2*0.36 + Cp_Database_200!$I2*0.216 + Cp_Database_200!$J2/0.36, 2), "-") -> 27.89 | K2: =IF(AND(700>=$E2, 700<=$F2), ROUND(Cp_Database_200!$F2 + Cp_Database_200!$G2*0.7 + Cp_Database_200!$H2*0.49 + Cp_Database_200!$I2*0.343 + Cp_Database_200!$J2/0.49, 2), "-") -> 29.1 | L2: =IF(AND(800>=$E2, 800<=$F2), ROUND(Cp_Database_200!$F2 + Cp_Database_200!$G2*0.8 + Cp_Database_200!$H2*0.64 + Cp_Database_200!$I2*0.512 + Cp_Database_200!$J2/0.64, 2), "-") -> 30.56 | M2: =IF(AND(1000>=$E2, 1000<=$F2), ROUND(Cp_Database_200!$F2 + Cp_Database_200!$G2*1 + Cp_Database_200!$H2*1 + Cp_Database_200!$I2*1 + Cp_Database_200!$J2/1, 2), "-") -> - | N2: =IF(AND(1200>=$E2, 1200<=$F2), ROUND(Cp_Database_200!$F2 + Cp_Database_200!$G2*1.2 + Cp_Database_200!$H2*1.44 + Cp_Database_200!$I2*1.728 + Cp_Database_200!$J2/1.44, 2), "-") -> - | O2: =IF(AND(1500>=$E2, 1500<=$F2), ROUND(Cp_Database_200!$F2 + Cp_Database_200!$G2*1.5 + Cp_Database_200!$H2*2.25 + Cp_Database_200!$I2*3.375 + Cp_Database_200!$J2/2.25, 2), "-") -> - | P2: =IF(AND(2000>=$E2, 2000<=$F2), ROUND(Cp_Database_200!$F2 + Cp_Database_200!$G2*2 + Cp_Database_200!$H2*4 + Cp_Database_200!$I2*8 + Cp_Database_200!$J2/4, 2), "-") -> -
A3: =Cp_Database_200!A3 -> 2 | B3: =Cp_Database_200!B3 -> Copper | C3: =Cp_Database_200!C3 -> Cu | D3: =Cp_Database_200!E3 -> Metal | E3: =Cp_Database_200!K3 -> 298 | F3: =Cp_Database_200!L3 -> 1358 | G3: =IF(AND(298.15>=$E3, 298.15<=$F3), ROUND(Cp_Database_200!$F3 + Cp_Database_200!$G3*0.29815 + Cp_Database_200!$H3*0.08889342 + Cp_Database_200!$I3*0.02650357 + Cp_Database_200!$J3/0.08889342, 2), "-") -> 24.47 | H3: =IF(AND(400>=$E3, 400<=$F3), ROUND(Cp_Database_200!$F3 + Cp_Database_200!$G3*0.4 + Cp_Database_200!$H3*0.16 + Cp_Database_200!$I3*0.064 + Cp_Database_200!$J3/0.16, 2), "-") -> 25.29 | I3: =IF(AND(500>=$E3, 500<=$F3), ROUND(Cp_Database_200!$F3 + Cp_Database_200!$G3*0.5 + Cp_Database_200!$H3*0.25 + Cp_Database_200!$I3*0.125 + Cp_Database_200!$J3/0.25, 2), "-") -> 25.99 | J3: =IF(AND(600>=$E3, 600<=$F3), ROUND(Cp_Database_200!$F3 + Cp_Database_200!$G3*0.6 + Cp_Database_200!$H3*0.36 + Cp_Database_200!$I3*0.216 + Cp_Database_200!$J3/0.36, 2), "-") -> 26.55 | K3: =IF(AND(700>=$E3, 700<=$F3), ROUND(Cp_Database_200!$F3 + Cp_Database_200!$G3*0.7 + Cp_Database_200!$H3*0.49 + Cp_Database_200!$I3*0.343 + Cp_Database_200!$J3/0.49, 2), "-") -> 27.02 | L3: =IF(AND(800>=$E3, 800<=$F3), ROUND(Cp_Database_200!$F3 + Cp_Database_200!$G3*0.8 + Cp_Database_200!$H3*0.64 + Cp_Database_200!$I3*0.512 + Cp_Database_200!$J3/0.64, 2), "-") -> 27.47 | M3: =IF(AND(1000>=$E3, 1000<=$F3), ROUND(Cp_Database_200!$F3 + Cp_Database_200!$G3*1 + Cp_Database_200!$H3*1 + Cp_Database_200!$I3*1 + Cp_Database_200!$J3/1, 2), "-") -> 28.62 | N3: =IF(AND(1200>=$E3, 1200<=$F3), ROUND(Cp_Database_200!$F3 + Cp_Database_200!$G3*1.2 + Cp_Database_200!$H3*1.44 + Cp_Database_200!$I3*1.728 + Cp_Database_200!$J3/1.44, 2), "-") -> 30.64 | O3: =IF(AND(1500>=$E3, 1500<=$F3), ROUND(Cp_Database_200!$F3 + Cp_Database_200!$G3*1.5 + Cp_Database_200!$H3*2.25 + Cp_Database_200!$I3*3.375 + Cp_Database_200!$J3/2.25, 2), "-") -> - | P3: =IF(AND(2000>=$E3, 2000<=$F3), ROUND(Cp_Database_200!$F3 + Cp_Database_200!$G3*2 + Cp_Database_200!$H3*4 + Cp_Database_200!$I3*8 + Cp_Database_200!$J3/4, 2), "-") -> -
A4: =Cp_Database_200!A4 -> 3 | B4: =Cp_Database_200!B4 -> Iron | C4: =Cp_Database_200!C4 -> Fe | D4: =Cp_Database_200!E4 -> Metal | E4: =Cp_Database_200!K4 -> 298 | F4: =Cp_Database_200!L4 -> 700 | G4: =IF(AND(298.15>=$E4, 298.15<=$F4), ROUND(Cp_Database_200!$F4 + Cp_Database_200!$G4*0.29815 + Cp_Database_200!$H4*0.08889342 + Cp_Database_200!$I4*0.02650357 + Cp_Database_200!$J4/0.08889342, 2), "-") -> 25.1 | H4: =IF(AND(400>=$E4, 400<=$F4), ROUND(Cp_Database_200!$F4 + Cp_Database_200!$G4*0.4 + Cp_Database_200!$H4*0.16 + Cp_Database_200!$I4*0.064 + Cp_Database_200!$J4/0.16, 2), "-") -> 27.4 | I4: =IF(AND(500>=$E4, 500<=$F4), ROUND(Cp_Database_200!$F4 + Cp_Database_200!$G4*0.5 + Cp_Database_200!$H4*0.25 + Cp_Database_200!$I4*0.125 + Cp_Database_200!$J4/0.25, 2), "-") -> 29.68 | J4: =IF(AND(600>=$E4, 600<=$F4), ROUND(Cp_Database_200!$F4 + Cp_Database_200!$G4*0.6 + Cp_Database_200!$H4*0.36 + Cp_Database_200!$I4*0.216 + Cp_Database_200!$J4/0.36, 2), "-") -> 32.06 | K4: =IF(AND(700>=$E4, 700<=$F4), ROUND(Cp_Database_200!$F4 + Cp_Database_200!$G4*0.7 + Cp_Database_200!$H4*0.49 + Cp_Database_200!$I4*0.343 + Cp_Database_200!$J4/0.49, 2), "-") -> 34.6 | L4: =IF(AND(800>=$E4, 800<=$F4), ROUND(Cp_Database_200!$F4 + Cp_Database_200!$G4*0.8 + Cp_Database_200!$H4*0.64 + Cp_Database_200!$I4*0.512 + Cp_Database_200!$J4/0.64, 2), "-") -> - | M4: =IF(AND(1000>=$E4, 1000<=$F4), ROUND(Cp_Database_200!$F4 + Cp_Database_200!$G4*1 + Cp_Database_200!$H4*1 + Cp_Database_200!$I4*1 + Cp_Database_200!$J4/1, 2), "-") -> - | N4: =IF(AND(1200>=$E4, 1200<=$F4), ROUND(Cp_Database_200!$F4 + Cp_Database_200!$G4*1.2 + Cp_Database_200!$H4*1.44 + Cp_Database_200!$I4*1.728 + Cp_Database_200!$J4/1.44, 2), "-") -> - | O4: =IF(AND(1500>=$E4, 1500<=$F4), ROUND(Cp_Database_200!$F4 + Cp_Database_200!$G4*1.5 + Cp_Database_200!$H4*2.25 + Cp_Database_200!$I4*3.375 + Cp_Database_200!$J4/2.25, 2), "-") -> - | P4: =IF(AND(2000>=$E4, 2000<=$F4), ROUND(Cp_Database_200!$F4 + Cp_Database_200!$G4*2 + Cp_Database_200!$H4*4 + Cp_Database_200!$I4*8 + Cp_Database_200!$J4/4, 2), "-") -> -
A5: =Cp_Database_200!A5 -> 4 | B5: =Cp_Database_200!B5 -> Titanium | C5: =Cp_Database_200!C5 -> Ti | D5: =Cp_Database_200!E5 -> Metal | E5: =Cp_Database_200!K5 -> 298 | F5: =Cp_Database_200!L5 -> 700 | G5: =IF(AND(298.15>=$E5, 298.15<=$F5), ROUND(Cp_Database_200!$F5 + Cp_Database_200!$G5*0.29815 + Cp_Database_200!$H5*0.08889342 + Cp_Database_200!$I5*0.02650357 + Cp_Database_200!$J5/0.08889342, 2), "-") -> 25.24 | H5: =IF(AND(400>=$E5, 400<=$F5), ROUND(Cp_Database_200!$F5 + Cp_Database_200!$G5*0.4 + Cp_Database_200!$H5*0.16 + Cp_Database_200!$I5*0.064 + Cp_Database_200!$J5/0.16, 2), "-") -> 26.86 | I5: =IF(AND(500>=$E5, 500<=$F5), ROUND(Cp_Database_200!$F5 + Cp_Database_200!$G5*0.5 + Cp_Database_200!$H5*0.25 + Cp_Database_200!$I5*0.125 + Cp_Database_200!$J5/0.25, 2), "-") -> 27.88 | J5: =IF(AND(600>=$E5, 600<=$F5), ROUND(Cp_Database_200!$F5 + Cp_Database_200!$G5*0.6 + Cp_Database_200!$H5*0.36 + Cp_Database_200!$I5*0.216 + Cp_Database_200!$J5/0.36, 2), "-") -> 28.6 | K5: =IF(AND(700>=$E5, 700<=$F5), ROUND(Cp_Database_200!$F5 + Cp_Database_200!$G5*0.7 + Cp_Database_200!$H5*0.49 + Cp_Database_200!$I5*0.343 + Cp_Database_200!$J5/0.49, 2), "-") -> 29.14 | L5: =IF(AND(800>=$E5, 800<=$F5), ROUND(Cp_Database_200!$F5 + Cp_Database_200!$G5*0.8 + Cp_Database_200!$H5*0.64 + Cp_Database_200!$I5*0.512 + Cp_Database_200!$J5/0.64, 2), "-") -> - | M5: =IF(AND(1000>=$E5, 1000<=$F5), ROUND(Cp_Database_200!$F5 + Cp_Database_200!$G5*1 + Cp_Database_200!$H5*1 + Cp_Database_200!$I5*1 + Cp_Database_200!$J5/1, 2), "-") -> - | N5: =IF(AND(1200>=$E5, 1200<=$F5), ROUND(Cp_Database_200!$F5 + Cp_Database_200!$G5*1.2 + Cp_Database_200!$H5*1.44 + Cp_Database_200!$I5*1.728 + Cp_Database_200!$J5/1.44, 2), "-") -> - | O5: =IF(AND(1500>=$E5, 1500<=$F5), ROUND(Cp_Database_200!$F5 + Cp_Database_200!$G5*1.5 + Cp_Database_200!$H5*2.25 + Cp_Database_200!$I5*3.375 + Cp_Database_200!$J5/2.25, 2), "-") -> - | P5: =IF(AND(2000>=$E5, 2000<=$F5), ROUND(Cp_Database_200!$F5 + Cp_Database_200!$G5*2 + Cp_Database_200!$H5*4 + Cp_Database_200!$I5*8 + Cp_Database_200!$J5/4, 2), "-") -> -
A6: =Cp_Database_200!A6 -> 5 | B6: =Cp_Database_200!B6 -> Nickel | C6: =Cp_Database_200!C6 -> Ni | D6: =Cp_Database_200!E6 -> Metal | E6: =Cp_Database_200!K6 -> 298 | F6: =Cp_Database_200!L6 -> 600 | G6: =IF(AND(298.15>=$E6, 298.15<=$F6), ROUND(Cp_Database_200!$F6 + Cp_Database_200!$G6*0.29815 + Cp_Database_200!$H6*0.08889342 + Cp_Database_200!$I6*0.02650357 + Cp_Database_200!$J6/0.08889342, 2), "-") -> 25.98 | H6: =IF(AND(400>=$E6, 400<=$F6), ROUND(Cp_Database_200!$F6 + Cp_Database_200!$G6*0.4 + Cp_Database_200!$H6*0.16 + Cp_Database_200!$I6*0.064 + Cp_Database_200!$J6/0.16, 2), "-") -> 28.46 | I6: =IF(AND(500>=$E6, 500<=$F6), ROUND(Cp_Database_200!$F6 + Cp_Database_200!$G6*0.5 + Cp_Database_200!$H6*0.25 + Cp_Database_200!$I6*0.125 + Cp_Database_200!$J6/0.25, 2), "-") -> 31.03 | J6: =IF(AND(600>=$E6, 600<=$F6), ROUND(Cp_Database_200!$F6 + Cp_Database_200!$G6*0.6 + Cp_Database_200!$H6*0.36 + Cp_Database_200!$I6*0.216 + Cp_Database_200!$J6/0.36, 2), "-") -> 34.85 | K6: =IF(AND(700>=$E6, 700<=$F6), ROUND(Cp_Database_200!$F6 + Cp_Database_200!$G6*0.7 + Cp_Database_200!$H6*0.49 + Cp_Database_200!$I6*0.343 + Cp_Database_200!$J6/0.49, 2), "-") -> - | L6: =IF(AND(800>=$E6, 800<=$F6), ROUND(Cp_Database_200!$F6 + Cp_Database_200!$G6*0.8 + Cp_Database_200!$H6*0.64 + Cp_Database_200!$I6*0.512 + Cp_Database_200!$J6/0.64, 2), "-") -> - | M6: =IF(AND(1000>=$E6, 1000<=$F6), ROUND(Cp_Database_200!$F6 + Cp_Database_200!$G6*1 + Cp_Database_200!$H6*1 + Cp_Database_200!$I6*1 + Cp_Database_200!$J6/1, 2), "-") -> - | N6: =IF(AND(1200>=$E6, 1200<=$F6), ROUND(Cp_Database_200!$F6 + Cp_Database_200!$G6*1.2 + Cp_Database_200!$H6*1.44 + Cp_Database_200!$I6*1.728 + Cp_Database_200!$J6/1.44, 2), "-") -> - | O6: =IF(AND(1500>=$E6, 1500<=$F6), ROUND(Cp_Database_200!$F6 + Cp_Database_200!$G6*1.5 + Cp_Database_200!$H6*2.25 + Cp_Database_200!$I6*3.375 + Cp_Database_200!$J6/2.25, 2), "-") -> - | P6: =IF(AND(2000>=$E6, 2000<=$F6), ROUND(Cp_Database_200!$F6 + Cp_Database_200!$G6*2 + Cp_Database_200!$H6*4 + Cp_Database_200!$I6*8 + Cp_Database_200!$J6/4, 2), "-") -> -
A7: =Cp_Database_200!A7 -> 6 | B7: =Cp_Database_200!B7 -> Chromium | C7: =Cp_Database_200!C7 -> Cr | D7: =Cp_Database_200!E7 -> Metal | E7: =Cp_Database_200!K7 -> 298 | F7: =Cp_Database_200!L7 -> 600 | G7: =IF(AND(298.15>=$E7, 298.15<=$F7), ROUND(Cp_Database_200!$F7 + Cp_Database_200!$G7*0.29815 + Cp_Database_200!$H7*0.08889342 + Cp_Database_200!$I7*0.02650357 + Cp_Database_200!$J7/0.08889342, 2), "-") -> 23.43 | H7: =IF(AND(400>=$E7, 400<=$F7), ROUND(Cp_Database_200!$F7 + Cp_Database_200!$G7*0.4 + Cp_Database_200!$H7*0.16 + Cp_Database_200!$I7*0.064 + Cp_Database_200!$J7/0.16, 2), "-") -> 25.23 | I7: =IF(AND(500>=$E7, 500<=$F7), ROUND(Cp_Database_200!$F7 + Cp_Database_200!$G7*0.5 + Cp_Database_200!$H7*0.25 + Cp_Database_200!$I7*0.125 + Cp_Database_200!$J7/0.25, 2), "-") -> 26.63 | J7: =IF(AND(600>=$E7, 600<=$F7), ROUND(Cp_Database_200!$F7 + Cp_Database_200!$G7*0.6 + Cp_Database_200!$H7*0.36 + Cp_Database_200!$I7*0.216 + Cp_Database_200!$J7/0.36, 2), "-") -> 27.72 | K7: =IF(AND(700>=$E7, 700<=$F7), ROUND(Cp_Database_200!$F7 + Cp_Database_200!$G7*0.7 + Cp_Database_200!$H7*0.49 + Cp_Database_200!$I7*0.343 + Cp_Database_200!$J7/0.49, 2), "-") -> - | L7: =IF(AND(800>=$E7, 800<=$F7), ROUND(Cp_Database_200!$F7 + Cp_Database_200!$G7*0.8 + Cp_Database_200!$H7*0.64 + Cp_Database_200!$I7*0.512 + Cp_Database_200!$J7/0.64, 2), "-") -> - | M7: =IF(AND(1000>=$E7, 1000<=$F7), ROUND(Cp_Database_200!$F7 + Cp_Database_200!$G7*1 + Cp_Database_200!$H7*1 + Cp_Database_200!$I7*1 + Cp_Database_200!$J7/1, 2), "-") -> - | N7: =IF(AND(1200>=$E7, 1200<=$F7), ROUND(Cp_Database_200!$F7 + Cp_Database_200!$G7*1.2 + Cp_Database_200!$H7*1.44 + Cp_Database_200!$I7*1.728 + Cp_Database_200!$J7/1.44, 2), "-") -> - | O7: =IF(AND(1500>=$E7, 1500<=$F7), ROUND(Cp_Database_200!$F7 + Cp_Database_200!$G7*1.5 + Cp_Database_200!$H7*2.25 + Cp_Database_200!$I7*3.375 + Cp_Database_200!$J7/2.25, 2), "-") -> - | P7: =IF(AND(2000>=$E7, 2000<=$F7), ROUND(Cp_Database_200!$F7 + Cp_Database_200!$G7*2 + Cp_Database_200!$H7*4 + Cp_Database_200!$I7*8 + Cp_Database_200!$J7/4, 2), "-") -> -
A8: =Cp_Database_200!A8 -> 7 | B8: =Cp_Database_200!B8 -> Tungsten | C8: =Cp_Database_200!C8 -> W | D8: =Cp_Database_200!E8 -> Metal | E8: =Cp_Database_200!K8 -> 298 | F8: =Cp_Database_200!L8 -> 1900 | G8: =IF(AND(298.15>=$E8, 298.15<=$F8), ROUND(Cp_Database_200!$F8 + Cp_Database_200!$G8*0.29815 + Cp_Database_200!$H8*0.08889342 + Cp_Database_200!$I8*0.02650357 + Cp_Database_200!$J8/0.08889342, 2), "-") -> 24.31 | H8: =IF(AND(400>=$E8, 400<=$F8), ROUND(Cp_Database_200!$F8 + Cp_Database_200!$G8*0.4 + Cp_Database_200!$H8*0.16 + Cp_Database_200!$I8*0.064 + Cp_Database_200!$J8/0.16, 2), "-") -> 24.9 | I8: =IF(AND(500>=$E8, 500<=$F8), ROUND(Cp_Database_200!$F8 + Cp_Database_200!$G8*0.5 + Cp_Database_200!$H8*0.25 + Cp_Database_200!$I8*0.125 + Cp_Database_200!$J8/0.25, 2), "-") -> 25.37 | J8: =IF(AND(600>=$E8, 600<=$F8), ROUND(Cp_Database_200!$F8 + Cp_Database_200!$G8*0.6 + Cp_Database_200!$H8*0.36 + Cp_Database_200!$I8*0.216 + Cp_Database_200!$J8/0.36, 2), "-") -> 25.81 | K8: =IF(AND(700>=$E8, 700<=$F8), ROUND(Cp_Database_200!$F8 + Cp_Database_200!$G8*0.7 + Cp_Database_200!$H8*0.49 + Cp_Database_200!$I8*0.343 + Cp_Database_200!$J8/0.49, 2), "-") -> 26.24 | L8: =IF(AND(800>=$E8, 800<=$F8), ROUND(Cp_Database_200!$F8 + Cp_Database_200!$G8*0.8 + Cp_Database_200!$H8*0.64 + Cp_Database_200!$I8*0.512 + Cp_Database_200!$J8/0.64, 2), "-") -> 26.67 | M8: =IF(AND(1000>=$E8, 1000<=$F8), ROUND(Cp_Database_200!$F8 + Cp_Database_200!$G8*1 + Cp_Database_200!$H8*1 + Cp_Database_200!$I8*1 + Cp_Database_200!$J8/1, 2), "-") -> 27.55 | N8: =IF(AND(1200>=$E8, 1200<=$F8), ROUND(Cp_Database_200!$F8 + Cp_Database_200!$G8*1.2 + Cp_Database_200!$H8*1.44 + Cp_Database_200!$I8*1.728 + Cp_Database_200!$J8/1.44, 2), "-") -> 28.46 | O8: =IF(AND(1500>=$E8, 1500<=$F8), ROUND(Cp_Database_200!$F8 + Cp_Database_200!$G8*1.5 + Cp_Database_200!$H8*2.25 + Cp_Database_200!$I8*3.375 + Cp_Database_200!$J8/2.25, 2), "-") -> 29.87 | P8: =IF(AND(2000>=$E8, 2000<=$F8), ROUND(Cp_Database_200!$F8 + Cp_Database_200!$G8*2 + Cp_Database_200!$H8*4 + Cp_Database_200!$I8*8 + Cp_Database_200!$J8/4, 2), "-") -> -
A9: =Cp_Database_200!A9 -> 8 | B9: =Cp_Database_200!B9 -> Molybdenum | C9: =Cp_Database_200!C9 -> Mo | D9: =Cp_Database_200!E9 -> Metal | E9: =Cp_Database_200!K9 -> 298 | F9: =Cp_Database_200!L9 -> 1900 | G9: =IF(AND(298.15>=$E9, 298.15<=$F9), ROUND(Cp_Database_200!$F9 + Cp_Database_200!$G9*0.29815 + Cp_Database_200!$H9*0.08889342 + Cp_Database_200!$I9*0.02650357 + Cp_Database_200!$J9/0.08889342, 2), "-") -> 23.91 | H9: =IF(AND(400>=$E9, 400<=$F9), ROUND(Cp_Database_200!$F9 + Cp_Database_200!$G9*0.4 + Cp_Database_200!$H9*0.16 + Cp_Database_200!$I9*0.064 + Cp_Database_200!$J9/0.16, 2), "-") -> 25.12 | I9: =IF(AND(500>=$E9, 500<=$F9), ROUND(Cp_Database_200!$F9 + Cp_Database_200!$G9*0.5 + Cp_Database_200!$H9*0.25 + Cp_Database_200!$I9*0.125 + Cp_Database_200!$J9/0.25, 2), "-") -> 25.85 | J9: =IF(AND(600>=$E9, 600<=$F9), ROUND(Cp_Database_200!$F9 + Cp_Database_200!$G9*0.6 + Cp_Database_200!$H9*0.36 + Cp_Database_200!$I9*0.216 + Cp_Database_200!$J9/0.36, 2), "-") -> 26.42 | K9: =IF(AND(700>=$E9, 700<=$F9), ROUND(Cp_Database_200!$F9 + Cp_Database_200!$G9*0.7 + Cp_Database_200!$H9*0.49 + Cp_Database_200!$I9*0.343 + Cp_Database_200!$J9/0.49, 2), "-") -> 26.93 | L9: =IF(AND(800>=$E9, 800<=$F9), ROUND(Cp_Database_200!$F9 + Cp_Database_200!$G9*0.8 + Cp_Database_200!$H9*0.64 + Cp_Database_200!$I9*0.512 + Cp_Database_200!$J9/0.64, 2), "-") -> 27.41 | M9: =IF(AND(1000>=$E9, 1000<=$F9), ROUND(Cp_Database_200!$F9 + Cp_Database_200!$G9*1 + Cp_Database_200!$H9*1 + Cp_Database_200!$I9*1 + Cp_Database_200!$J9/1, 2), "-") -> 28.4 | N9: =IF(AND(1200>=$E9, 1200<=$F9), ROUND(Cp_Database_200!$F9 + Cp_Database_200!$G9*1.2 + Cp_Database_200!$H9*1.44 + Cp_Database_200!$I9*1.728 + Cp_Database_200!$J9/1.44, 2), "-") -> 29.52 | O9: =IF(AND(1500>=$E9, 1500<=$F9), ROUND(Cp_Database_200!$F9 + Cp_Database_200!$G9*1.5 + Cp_Database_200!$H9*2.25 + Cp_Database_200!$I9*3.375 + Cp_Database_200!$J9/2.25, 2), "-") -> 31.62 | P9: =IF(AND(2000>=$E9, 2000<=$F9), ROUND(Cp_Database_200!$F9 + Cp_Database_200!$G9*2 + Cp_Database_200!$H9*4 + Cp_Database_200!$I9*8 + Cp_Database_200!$J9/4, 2), "-") -> -
A10: =Cp_Database_200!A10 -> 9 | B10: =Cp_Database_200!B10 -> Zinc | C10: =Cp_Database_200!C10 -> Zn | D10: =Cp_Database_200!E10 -> Metal | E10: =Cp_Database_200!K10 -> 298 | F10: =Cp_Database_200!L10 -> 692.73 | G10: =IF(AND(298.15>=$E10, 298.15<=$F10), ROUND(Cp_Database_200!$F10 + Cp_Database_200!$G10*0.29815 + Cp_Database_200!$H10*0.08889342 + Cp_Database_200!$I10*0.02650357 + Cp_Database_200!$J10/0.08889342, 2), "-") -> 25.39 | H10: =IF(AND(400>=$E10, 400<=$F10), ROUND(Cp_Database_200!$F10 + Cp_Database_200!$G10*0.4 + Cp_Database_200!$H10*0.16 + Cp_Database_200!$I10*0.064 + Cp_Database_200!$J10/0.16, 2), "-") -> 26.35 | I10: =IF(AND(500>=$E10, 500<=$F10), ROUND(Cp_Database_200!$F10 + Cp_Database_200!$G10*0.5 + Cp_Database_200!$H10*0.25 + Cp_Database_200!$I10*0.125 + Cp_Database_200!$J10/0.25, 2), "-") -> 27.4 | J10: =IF(AND(600>=$E10, 600<=$F10), ROUND(Cp_Database_200!$F10 + Cp_Database_200!$G10*0.6 + Cp_Database_200!$H10*0.36 + Cp_Database_200!$I10*0.216 + Cp_Database_200!$J10/0.36, 2), "-") -> 28.58 | K10: =IF(AND(700>=$E10, 700<=$F10), ROUND(Cp_Database_200!$F10 + Cp_Database_200!$G10*0.7 + Cp_Database_200!$H10*0.49 + Cp_Database_200!$I10*0.343 + Cp_Database_200!$J10/0.49, 2), "-") -> - | L10: =IF(AND(800>=$E10, 800<=$F10), ROUND(Cp_Database_200!$F10 + Cp_Database_200!$G10*0.8 + Cp_Database_200!$H10*0.64 + Cp_Database_200!$I10*0.512 + Cp_Database_200!$J10/0.64, 2), "-") -> - | M10: =IF(AND(1000>=$E10, 1000<=$F10), ROUND(Cp_Database_200!$F10 + Cp_Database_200!$G10*1 + Cp_Database_200!$H10*1 + Cp_Database_200!$I10*1 + Cp_Database_200!$J10/1, 2), "-") -> - | N10: =IF(AND(1200>=$E10, 1200<=$F10), ROUND(Cp_Database_200!$F10 + Cp_Database_200!$G10*1.2 + Cp_Database_200!$H10*1.44 + Cp_Database_200!$I10*1.728 + Cp_Database_200!$J10/1.44, 2), "-") -> - | O10: =IF(AND(1500>=$E10, 1500<=$F10), ROUND(Cp_Database_200!$F10 + Cp_Database_200!$G10*1.5 + Cp_Database_200!$H10*2.25 + Cp_Database_200!$I10*3.375 + Cp_Database_200!$J10/2.25, 2), "-") -> - | P10: =IF(AND(2000>=$E10, 2000<=$F10), ROUND(Cp_Database_200!$F10 + Cp_Database_200!$G10*2 + Cp_Database_200!$H10*4 + Cp_Database_200!$I10*8 + Cp_Database_200!$J10/4, 2), "-") -> -
A11: =Cp_Database_200!A11 -> 10 | B11: =Cp_Database_200!B11 -> Magnesium | C11: =Cp_Database_200!C11 -> Mg | D11: =Cp_Database_200!E11 -> Metal | E11: =Cp_Database_200!K11 -> 298 | F11: =Cp_Database_200!L11 -> 923 | G11: =IF(AND(298.15>=$E11, 298.15<=$F11), ROUND(Cp_Database_200!$F11 + Cp_Database_200!$G11*0.29815 + Cp_Database_200!$H11*0.08889342 + Cp_Database_200!$I11*0.02650357 + Cp_Database_200!$J11/0.08889342, 2), "-") -> 24.86 | H11: =IF(AND(400>=$E11, 400<=$F11), ROUND(Cp_Database_200!$F11 + Cp_Database_200!$G11*0.4 + Cp_Database_200!$H11*0.16 + Cp_Database_200!$I11*0.064 + Cp_Database_200!$J11/0.16, 2), "-") -> 26.17 | I11: =IF(AND(500>=$E11, 500<=$F11), ROUND(Cp_Database_200!$F11 + Cp_Database_200!$G11*0.5 + Cp_Database_200!$H11*0.25 + Cp_Database_200!$I11*0.125 + Cp_Database_200!$J11/0.25, 2), "-") -> 27.16 | J11: =IF(AND(600>=$E11, 600<=$F11), ROUND(Cp_Database_200!$F11 + Cp_Database_200!$G11*0.6 + Cp_Database_200!$H11*0.36 + Cp_Database_200!$I11*0.216 + Cp_Database_200!$J11/0.36, 2), "-") -> 28.16 | K11: =IF(AND(700>=$E11, 700<=$F11), ROUND(Cp_Database_200!$F11 + Cp_Database_200!$G11*0.7 + Cp_Database_200!$H11*0.49 + Cp_Database_200!$I11*0.343 + Cp_Database_200!$J11/0.49, 2), "-") -> 29.26 | L11: =IF(AND(800>=$E11, 800<=$F11), ROUND(Cp_Database_200!$F11 + Cp_Database_200!$G11*0.8 + Cp_Database_200!$H11*0.64 + Cp_Database_200!$I11*0.512 + Cp_Database_200!$J11/0.64, 2), "-") -> 30.5 | M11: =IF(AND(1000>=$E11, 1000<=$F11), ROUND(Cp_Database_200!$F11 + Cp_Database_200!$G11*1 + Cp_Database_200!$H11*1 + Cp_Database_200!$I11*1 + Cp_Database_200!$J11/1, 2), "-") -> - | N11: =IF(AND(1200>=$E11, 1200<=$F11), ROUND(Cp_Database_200!$F11 + Cp_Database_200!$G11*1.2 + Cp_Database_200!$H11*1.44 + Cp_Database_200!$I11*1.728 + Cp_Database_200!$J11/1.44, 2), "-") -> - | O11: =IF(AND(1500>=$E11, 1500<=$F11), ROUND(Cp_Database_200!$F11 + Cp_Database_200!$G11*1.5 + Cp_Database_200!$H11*2.25 + Cp_Database_200!$I11*3.375 + Cp_Database_200!$J11/2.25, 2), "-") -> - | P11: =IF(AND(2000>=$E11, 2000<=$F11), ROUND(Cp_Database_200!$F11 + Cp_Database_200!$G11*2 + Cp_Database_200!$H11*4 + Cp_Database_200!$I11*8 + Cp_Database_200!$J11/4, 2), "-") -> -
A12: =Cp_Database_200!A12 -> 11 | B12: =Cp_Database_200!B12 -> Lead | C12: =Cp_Database_200!C12 -> Pb | D12: =Cp_Database_200!E12 -> Metal | E12: =Cp_Database_200!K12 -> 298 | F12: =Cp_Database_200!L12 -> 600.6 | G12: =IF(AND(298.15>=$E12, 298.15<=$F12), ROUND(Cp_Database_200!$F12 + Cp_Database_200!$G12*0.29815 + Cp_Database_200!$H12*0.08889342 + Cp_Database_200!$I12*0.02650357 + Cp_Database_200!$J12/0.08889342, 2), "-") -> 26.85 | H12: =IF(AND(400>=$E12, 400<=$F12), ROUND(Cp_Database_200!$F12 + Cp_Database_200!$G12*0.4 + Cp_Database_200!$H12*0.16 + Cp_Database_200!$I12*0.064 + Cp_Database_200!$J12/0.16, 2), "-") -> 27.7 | I12: =IF(AND(500>=$E12, 500<=$F12), ROUND(Cp_Database_200!$F12 + Cp_Database_200!$G12*0.5 + Cp_Database_200!$H12*0.25 + Cp_Database_200!$I12*0.125 + Cp_Database_200!$J12/0.25, 2), "-") -> 28.55 | J12: =IF(AND(600>=$E12, 600<=$F12), ROUND(Cp_Database_200!$F12 + Cp_Database_200!$G12*0.6 + Cp_Database_200!$H12*0.36 + Cp_Database_200!$I12*0.216 + Cp_Database_200!$J12/0.36, 2), "-") -> 29.45 | K12: =IF(AND(700>=$E12, 700<=$F12), ROUND(Cp_Database_200!$F12 + Cp_Database_200!$G12*0.7 + Cp_Database_200!$H12*0.49 + Cp_Database_200!$I12*0.343 + Cp_Database_200!$J12/0.49, 2), "-") -> - | L12: =IF(AND(800>=$E12, 800<=$F12), ROUND(Cp_Database_200!$F12 + Cp_Database_200!$G12*0.8 + Cp_Database_200!$H12*0.64 + Cp_Database_200!$I12*0.512 + Cp_Database_200!$J12/0.64, 2), "-") -> - | M12: =IF(AND(1000>=$E12, 1000<=$F12), ROUND(Cp_Database_200!$F12 + Cp_Database_200!$G12*1 + Cp_Database_200!$H12*1 + Cp_Database_200!$I12*1 + Cp_Database_200!$J12/1, 2), "-") -> - | N12: =IF(AND(1200>=$E12, 1200<=$F12), ROUND(Cp_Database_200!$F12 + Cp_Database_200!$G12*1.2 + Cp_Database_200!$H12*1.44 + Cp_Database_200!$I12*1.728 + Cp_Database_200!$J12/1.44, 2), "-") -> - | O12: =IF(AND(1500>=$E12, 1500<=$F12), ROUND(Cp_Database_200!$F12 + Cp_Database_200!$G12*1.5 + Cp_Database_200!$H12*2.25 + Cp_Database_200!$I12*3.375 + Cp_Database_200!$J12/2.25, 2), "-") -> - | P12: =IF(AND(2000>=$E12, 2000<=$F12), ROUND(Cp_Database_200!$F12 + Cp_Database_200!$G12*2 + Cp_Database_200!$H12*4 + Cp_Database_200!$I12*8 + Cp_Database_200!$J12/4, 2), "-") -> -
A13: =Cp_Database_200!A13 -> 12 | B13: =Cp_Database_200!B13 -> Cobalt | C13: =Cp_Database_200!C13 -> Co | D13: =Cp_Database_200!E13 -> Metal | E13: =Cp_Database_200!K13 -> 298 | F13: =Cp_Database_200!L13 -> 700 | G13: =IF(AND(298.15>=$E13, 298.15<=$F13), ROUND(Cp_Database_200!$F13 + Cp_Database_200!$G13*0.29815 + Cp_Database_200!$H13*0.08889342 + Cp_Database_200!$I13*0.02650357 + Cp_Database_200!$J13/0.08889342, 2), "-") -> 24.81 | H13: =IF(AND(400>=$E13, 400<=$F13), ROUND(Cp_Database_200!$F13 + Cp_Database_200!$G13*0.4 + Cp_Database_200!$H13*0.16 + Cp_Database_200!$I13*0.064 + Cp_Database_200!$J13/0.16, 2), "-") -> 26.54 | I13: =IF(AND(500>=$E13, 500<=$F13), ROUND(Cp_Database_200!$F13 + Cp_Database_200!$G13*0.5 + Cp_Database_200!$H13*0.25 + Cp_Database_200!$I13*0.125 + Cp_Database_200!$J13/0.25, 2), "-") -> 28.19 | J13: =IF(AND(600>=$E13, 600<=$F13), ROUND(Cp_Database_200!$F13 + Cp_Database_200!$G13*0.6 + Cp_Database_200!$H13*0.36 + Cp_Database_200!$I13*0.216 + Cp_Database_200!$J13/0.36, 2), "-") -> 29.67 | K13: =IF(AND(700>=$E13, 700<=$F13), ROUND(Cp_Database_200!$F13 + Cp_Database_200!$G13*0.7 + Cp_Database_200!$H13*0.49 + Cp_Database_200!$I13*0.343 + Cp_Database_200!$J13/0.49, 2), "-") -> 31.05 | L13: =IF(AND(800>=$E13, 800<=$F13), ROUND(Cp_Database_200!$F13 + Cp_Database_200!$G13*0.8 + Cp_Database_200!$H13*0.64 + Cp_Database_200!$I13*0.512 + Cp_Database_200!$J13/0.64, 2), "-") -> - | M13: =IF(AND(1000>=$E13, 1000<=$F13), ROUND(Cp_Database_200!$F13 + Cp_Database_200!$G13*1 + Cp_Database_200!$H13*1 + Cp_Database_200!$I13*1 + Cp_Database_200!$J13/1, 2), "-") -> - | N13: =IF(AND(1200>=$E13, 1200<=$F13), ROUND(Cp_Database_200!$F13 + Cp_Database_200!$G13*1.2 + Cp_Database_200!$H13*1.44 + Cp_Database_200!$I13*1.728 + Cp_Database_200!$J13/1.44, 2), "-") -> - | O13: =IF(AND(1500>=$E13, 1500<=$F13), ROUND(Cp_Database_200!$F13 + Cp_Database_200!$G13*1.5 + Cp_Database_200!$H13*2.25 + Cp_Database_200!$I13*3.375 + Cp_Database_200!$J13/2.25, 2), "-") -> - | P13: =IF(AND(2000>=$E13, 2000<=$F13), ROUND(Cp_Database_200!$F13 + Cp_Database_200!$G13*2 + Cp_Database_200!$H13*4 + Cp_Database_200!$I13*8 + Cp_Database_200!$J13/4, 2), "-") -> -
... A201: =Cp_Database_200!A201 -> 200 | B201: =Cp_Database_200!B201 -> Bromine | C201: =Cp_Database_200!C201 -> Br2 | D201: =Cp_Database_200!E201 -> Halide & Salt | E201: =Cp_Database_200!K201 -> 332.503 | F201: =Cp_Database_200!L201 -> 3400 | G201: =IF(AND(298.15>=$E201, 298.15<=$F201), ROUND(Cp_Database_200!$F201 + Cp_Database_200!$G201*0.29815 + Cp_Database_200!$H201*0.08889342 + Cp_Database_200!$I201*0.02650357 + Cp_Database_200!$J201/0.08889342, 2), "-") -> - | H201: =IF(AND(400>=$E201, 400<=$F201), ROUND(Cp_Database_200!$F201 + Cp_Database_200!$G201*0.4 + Cp_Database_200!$H201*0.16 + Cp_Database_200!$I201*0.064 + Cp_Database_200!$J201/0.16, 2), "-") -> 36.81 | I201: =IF(AND(500>=$E201, 500<=$F201), ROUND(Cp_Database_200!$F201 + Cp_Database_200!$G201*0.5 + Cp_Database_200!$H201*0.25 + Cp_Database_200!$I201*0.125 + Cp_Database_200!$J201/0.25, 2), "-") -> 37.15 | J201: =IF(AND(600>=$E201, 600<=$F201), ROUND(Cp_Database_200!$F201 + Cp_Database_200!$G201*0.6 + Cp_Database_200!$H201*0.36 + Cp_Database_200!$I201*0.216 + Cp_Database_200!$J201/0.36, 2), "-") -> 37.33 | K201: =IF(AND(700>=$E201, 700<=$F201), ROUND(Cp_Database_200!$F201 + Cp_Database_200!$G201*0.7 + Cp_Database_200!$H201*0.49 + Cp_Database_200!$I201*0.343 + Cp_Database_200!$J201/0.49, 2), "-") -> 37.44 | L201: =IF(AND(800>=$E201, 800<=$F201), ROUND(Cp_Database_200!$F201 + Cp_Database_200!$G201*0.8 + Cp_Database_200!$H201*0.64 + Cp_Database_200!$I201*0.512 + Cp_Database_200!$J201/0.64, 2), "-") -> 37.53 | M201: =IF(AND(1000>=$E201, 1000<=$F201), ROUND(Cp_Database_200!$F201 + Cp_Database_200!$G201*1 + Cp_Database_200!$H201*1 + Cp_Database_200!$I201*1 + Cp_Database_200!$J201/1, 2), "-") -> 37.69 | N201: =IF(AND(1200>=$E201, 1200<=$F201), ROUND(Cp_Database_200!$F201 + Cp_Database_200!$G201*1.2 + Cp_Database_200!$H201*1.44 + Cp_Database_200!$I201*1.728 + Cp_Database_200!$J201/1.44, 2), "-") -> 37.88 | O201: =IF(AND(1500>=$E201, 1500<=$F201), ROUND(Cp_Database_200!$F201 + Cp_Database_200!$G201*1.5 + Cp_Database_200!$H201*2.25 + Cp_Database_200!$I201*3.375 + Cp_Database_200!$J201/2.25, 2), "-") -> 38.24 | P201: =IF(AND(2000>=$E201, 2000<=$F201), ROUND(Cp_Database_200!$F201 + Cp_Database_200!$G201*2 + Cp_Database_200!$H201*4 + Cp_Database_200!$I201*8 + Cp_Database_200!$J201/4, 2), "-") -> 39.04

Sheet Interactive_Plotter
B2: MCR 202: Materials Characterization & Thermodynamics
B3: Interactive Material Specific Heat (Cp vs. T) Calculator & Live Plotter
B5: Enter Material Sr. No. (1 - 200): | C5: 1 | D5: NIST Parameters:
B6: Material Name: | C6: =VLOOKUP($C$5, Cp_Database_200!$A$2:$O$201, 2, FALSE) -> Aluminium | D6: A: | E6: =VLOOKUP($C$5, Cp_Database_200!$A$2:$O$201, 6, FALSE) -> 28.0892
B7: Chemical Formula: | C7: =VLOOKUP($C$5, Cp_Database_200!$A$2:$O$201, 3, FALSE) -> Al | D7: B: | E7: =VLOOKUP($C$5, Cp_Database_200!$A$2:$O$201, 7, FALSE) -> -5.414849
B8: Material Class / Category: | C8: =VLOOKUP($C$5, Cp_Database_200!$A$2:$O$201, 5, FALSE) -> Metal | D8: C: | E8: =VLOOKUP($C$5, Cp_Database_200!$A$2:$O$201, 8, FALSE) -> 8.560423
B9: Valid Range [Tmin - Tmax]: | C9: =VLOOKUP($C$5, Cp_Database_200!$A$2:$O$201, 11, FALSE) & " K to " & VLOOKUP($C$5, Cp_Database_200!$A$2:$O$201, 12, FALSE) & " K" -> 298 K to 933 K | D9: D: | E9: =VLOOKUP($C$5, Cp_Database_200!$A$2:$O$201, 9, FALSE) -> 3.42737
B10: Molar Mass (g/mol): | C10: =VLOOKUP($C$5, Cp_Database_200!$A$2:$O$201, 15, FALSE) -> 26.982 | D10: E: | E10: =VLOOKUP($C$5, Cp_Database_200!$A$2:$O$201, 10, FALSE) -> -0.277375
D11: Tmin: | E11: =VLOOKUP($C$5, Cp_Database_200!$A$2:$O$201, 11, FALSE) -> 298
D12: Tmax: | E12: =VLOOKUP($C$5, Cp_Database_200!$A$2:$O$201, 12, FALSE) -> 933
B14: Temperature T (K) | C14: t = T/1000 | D14: Molar Cp [J/(mol*K)] | E14: Specific cp [J/(g*K)]
B15: =ROUND($E$11 + 0 * ($E$12 - $E$11) / 24, 1) -> 298 | C15: =B15 / 1000 -> 0.298 | D15: =ROUND($E$6 + $E$7*C15 + $E$8*(C15^2) + $E$9*(C15^3) + $E$10/(C15^2), 3) -> 24.203 | E15: =IF($C$10>0, ROUND(D15 / $C$10, 4), "-") -> 0.897
B16: =ROUND($E$11 + 1 * ($E$12 - $E$11) / 24, 1) -> 324.5 | C16: =B16 / 1000 -> 0.3245 | D16: =ROUND($E$6 + $E$7*C16 + $E$8*(C16^2) + $E$9*(C16^3) + $E$10/(C16^2), 3) -> 24.716 | E16: =IF($C$10>0, ROUND(D16 / $C$10, 4), "-") -> 0.916
B17: =ROUND($E$11 + 2 * ($E$12 - $E$11) / 24, 1) -> 350.9 | C17: =B17 / 1000 -> 0.3509 | D17: =ROUND($E$6 + $E$7*C17 + $E$8*(C17^2) + $E$9*(C17^3) + $E$10/(C17^2), 3) -> 25.139 | E17: =IF($C$10>0, ROUND(D17 / $C$10, 4), "-") -> 0.9317
B18: =ROUND($E$11 + 3 * ($E$12 - $E$11) / 24, 1) -> 377.4 | C18: =B18 / 1000 -> 0.3774 | D18: =ROUND($E$6 + $E$7*C18 + $E$8*(C18^2) + $E$9*(C18^3) + $E$10/(C18^2), 3) -> 25.502 | E18: =IF($C$10>0, ROUND(D18 / $C$10, 4), "-") -> 0.9451
B19: =ROUND($E$11 + 4 * ($E$12 - $E$11) / 24, 1) -> 403.8 | C19: =B19 / 1000 -> 0.4038 | D19: =ROUND($E$6 + $E$7*C19 + $E$8*(C19^2) + $E$9*(C19^3) + $E$10/(C19^2), 3) -> 25.823 | E19: =IF($C$10>0, ROUND(D19 / $C$10, 4), "-") -> 0.957
B20: =ROUND($E$11 + 5 * ($E$12 - $E$11) / 24, 1) -> 430.3 | C20: =B20 / 1000 -> 0.4303 | D20: =ROUND($E$6 + $E$7*C20 + $E$8*(C20^2) + $E$9*(C20^3) + $E$10/(C20^2), 3) -> 26.119 | E20: =IF($C$10>0, ROUND(D20 / $C$10, 4), "-") -> 0.968
B21: =ROUND($E$11 + 6 * ($E$12 - $E$11) / 24, 1) -> 456.8 | C21: =B21 / 1000 -> 0.4568 | D21: =ROUND($E$6 + $E$7*C21 + $E$8*(C21^2) + $E$9*(C21^3) + $E$10/(C21^2), 3) -> 26.399 | E21: =IF($C$10>0, ROUND(D21 / $C$10, 4), "-") -> 0.9784
B22: =ROUND($E$11 + 7 * ($E$12 - $E$11) / 24, 1) -> 483.2 | C22: =B22 / 1000 -> 0.4832 | D22: =ROUND($E$6 + $E$7*C22 + $E$8*(C22^2) + $E$9*(C22^3) + $E$10/(C22^2), 3) -> 26.67 | E22: =IF($C$10>0, ROUND(D22 / $C$10, 4), "-") -> 0.9884
B23: =ROUND($E$11 + 8 * ($E$12 - $E$11) / 24, 1) -> 509.7 | C23: =B23 / 1000 -> 0.5097 | D23: =ROUND($E$6 + $E$7*C23 + $E$8*(C23^2) + $E$9*(C23^3) + $E$10/(C23^2), 3) -> 26.939 | E23: =IF($C$10>0, ROUND(D23 / $C$10, 4), "-") -> 0.9984
B24: =ROUND($E$11 + 9 * ($E$12 - $E$11) / 24, 1) -> 536.1 | C24: =B24 / 1000 -> 0.5361 | D24: =ROUND($E$6 + $E$7*C24 + $E$8*(C24^2) + $E$9*(C24^3) + $E$10/(C24^2), 3) -> 27.21 | E24: =IF($C$10>0, ROUND(D24 / $C$10, 4), "-") -> 1.0085
B25: =ROUND($E$11 + 10 * ($E$12 - $E$11) / 24, 1) -> 562.6 | C25: =B25 / 1000 -> 0.5626 | D25: =ROUND($E$6 + $E$7*C25 + $E$8*(C25^2) + $E$9*(C25^3) + $E$10/(C25^2), 3) -> 27.486 | E25: =IF($C$10>0, ROUND(D25 / $C$10, 4), "-") -> 1.0187
B26: =ROUND($E$11 + 11 * ($E$12 - $E$11) / 24, 1) -> 589 | C26: =B26 / 1000 -> 0.589 | D26: =ROUND($E$6 + $E$7*C26 + $E$8*(C26^2) + $E$9*(C26^3) + $E$10/(C26^2), 3) -> 27.77 | E26: =IF($C$10>0, ROUND(D26 / $C$10, 4), "-") -> 1.0292
B27: =ROUND($E$11 + 12 * ($E$12 - $E$11) / 24, 1) -> 615.5 | C27: =B27 / 1000 -> 0.6155 | D27: =ROUND($E$6 + $E$7*C27 + $E$8*(C27^2) + $E$9*(C27^3) + $E$10/(C27^2), 3) -> 28.066 | E27: =IF($C$10>0, ROUND(D27 / $C$10, 4), "-") -> 1.0402
B28: =ROUND($E$11 + 13 * ($E$12 - $E$11) / 24, 1) -> 642 | C28: =B28 / 1000 -> 0.642 | D28: =ROUND($E$6 + $E$7*C28 + $E$8*(C28^2) + $E$9*(C28^3) + $E$10/(C28^2), 3) -> 28.375 | E28: =IF($C$10>0, ROUND(D28 / $C$10, 4), "-") -> 1.0516
B29: =ROUND($E$11 + 14 * ($E$12 - $E$11) / 24, 1) -> 668.4 | C29: =B29 / 1000 -> 0.6684 | D29: =ROUND($E$6 + $E$7*C29 + $E$8*(C29^2) + $E$9*(C29^3) + $E$10/(C29^2), 3) -> 28.697 | E29: =IF($C$10>0, ROUND(D29 / $C$10, 4), "-") -> 1.0636
B30: =ROUND($E$11 + 15 * ($E$12 - $E$11) / 24, 1) -> 694.9 | C30: =B30 / 1000 -> 0.6949 | D30: =ROUND($E$6 + $E$7*C30 + $E$8*(C30^2) + $E$9*(C30^3) + $E$10/(C30^2), 3) -> 29.036 | E30: =IF($C$10>0, ROUND(D30 / $C$10, 4), "-") -> 1.0761
B31: =ROUND($E$11 + 16 * ($E$12 - $E$11) / 24, 1) -> 721.3 | C31: =B31 / 1000 -> 0.7213 | D31: =ROUND($E$6 + $E$7*C31 + $E$8*(C31^2) + $E$9*(C31^3) + $E$10/(C31^2), 3) -> 29.39 | E31: =IF($C$10>0, ROUND(D31 / $C$10, 4), "-") -> 1.0892
B32: =ROUND($E$11 + 17 * ($E$12 - $E$11) / 24, 1) -> 747.8 | C32: =B32 / 1000 -> 0.7478 | D32: =ROUND($E$6 + $E$7*C32 + $E$8*(C32^2) + $E$9*(C32^3) + $E$10/(C32^2), 3) -> 29.764 | E32: =IF($C$10>0, ROUND(D32 / $C$10, 4), "-") -> 1.1031
B33: =ROUND($E$11 + 18 * ($E$12 - $E$11) / 24, 1) -> 774.3 | C33: =B33 / 1000 -> 0.7743 | D33: =ROUND($E$6 + $E$7*C33 + $E$8*(C33^2) + $E$9*(C33^3) + $E$10/(C33^2), 3) -> 30.157 | E33: =IF($C$10>0, ROUND(D33 / $C$10, 4), "-") -> 1.1177
B34: =ROUND($E$11 + 19 * ($E$12 - $E$11) / 24, 1) -> 800.7 | C34: =B34 / 1000 -> 0.8007 | D34: =ROUND($E$6 + $E$7*C34 + $E$8*(C34^2) + $E$9*(C34^3) + $E$10/(C34^2), 3) -> 30.569 | E34: =IF($C$10>0, ROUND(D34 / $C$10, 4), "-") -> 1.1329
B35: =ROUND($E$11 + 20 * ($E$12 - $E$11) / 24, 1) -> 827.2 | C35: =B35 / 1000 -> 0.8272 | D35: =ROUND($E$6 + $E$7*C35 + $E$8*(C35^2) + $E$9*(C35^3) + $E$10/(C35^2), 3) -> 31.002 | E35: =IF($C$10>0, ROUND(D35 / $C$10, 4), "-") -> 1.149
B36: =ROUND($E$11 + 21 * ($E$12 - $E$11) / 24, 1) -> 853.6 | C36: =B36 / 1000 -> 0.8536 | D36: =ROUND($E$6 + $E$7*C36 + $E$8*(C36^2) + $E$9*(C36^3) + $E$10/(C36^2), 3) -> 31.456 | E36: =IF($C$10>0, ROUND(D36 / $C$10, 4), "-") -> 1.1658
B37: =ROUND($E$11 + 22 * ($E$12 - $E$11) / 24, 1) -> 880.1 | C37: =B37 / 1000 -> 0.8801 | D37: =ROUND($E$6 + $E$7*C37 + $E$8*(C37^2) + $E$9*(C37^3) + $E$10/(C37^2), 3) -> 31.933 | E37: =IF($C$10>0, ROUND(D37 / $C$10, 4), "-") -> 1.1835
B38: =ROUND($E$11 + 23 * ($E$12 - $E$11) / 24, 1) -> 906.5 | C38: =B38 / 1000 -> 0.9065 | D38: =ROUND($E$6 + $E$7*C38 + $E$8*(C38^2) + $E$9*(C38^3) + $E$10/(C38^2), 3) -> 32.431 | E38: =IF($C$10>0, ROUND(D38 / $C$10, 4), "-") -> 1.2019
B39: =ROUND($E$11 + 24 * ($E$12 - $E$11) / 24, 1) -> 933 | C39: =B39 / 1000 -> 0.933 | D39: =ROUND($E$6 + $E$7*C39 + $E$8*(C39^2) + $E$9*(C39^3) + $E$10/(C39^2), 3) -> 32.954 | E39: =IF($C$10>0, ROUND(D39 / $C$10, 4), "-") -> 1.2213

Sheet Summary_by_Class
B2: Classification Summary of 200 Engineering Materials
B3: Breakdown across metallurgical, ceramic, semiconductor, refractory, and chemical classes
B5: Material Class / Category | C5: Count | D5: Key Chemical Examples | E5: Engineering Significance / Industrial Applications
B6: Metal | C6: =COUNTIF(Cp_Database_200!$E$2:$E$201, B6) -> 25 | D6: Pure elements & refractory metals (Al, Cu, Fe, Ti, Ni, W, Mo, Cr, Zr, etc.) | E6: Structural alloys, electrical conductors, aerospace materials
B7: Ceramic (Oxide) | C7: =COUNTIF(Cp_Database_200!$E$2:$E$201, B7) -> 22 | D7: Engineered binary oxides (Al2O3, SiO2, TiO2, FeO, WO3, CoO, etc.) | E7: Abrasives, electronic ceramics, corrosion barriers
B8: Refractory & Mineral | C8: =COUNTIF(Cp_Database_200!$E$2:$E$201, B8) -> 16 | D8: High-temp oxides & silicates (ZrO2, MgO, CaO, Mullite, Spinel, Zircon) | E8: Furnace linings, metallurgical crucibles, thermal barrier coatings
B9: Semiconductor | C9: =COUNTIF(Cp_Database_200!$E$2:$E$201, B9) -> 8 | D9: Electronic & optoelectronic materials (Si, CuO, Cu2O, PbS, MoS2, B, P4, S8) | E9: Photovoltaics, semiconductors, 2D materials, thermoelectric devices
B10: Ceramic (Carbide) | C10: =COUNTIF(Cp_Database_200!$E$2:$E$201, B10) -> 7 | D10: Ultra-hard transition metal carbides (SiC, B4C, ZrC, Cr3C2, Cr7C3, NbC, Ta2C) | E10: Cutting tools, wear-resistant parts, armor plating
B11: Ceramic (Nitride) | C11: =COUNTIF(Cp_Database_200!$E$2:$E$201, B11) -> 7 | D11: High-hardness advanced nitrides (AlN, TiN, BN, Si3N4, ZrN, Cr2N, Mg3N2) | E11: Hard coatings, microelectronics heat sinks, high-temp bearings
B12: Ceramic (Boride) | C12: =COUNTIF(Cp_Database_200!$E$2:$E$201, B12) -> 2 | D12: Ultra-high temperature ceramics (TiB2, ZrB2) | E12: Hypersonic leading edges, molten metal handling, cutting tips
B13: Ceramic (Silicide) | C13: =COUNTIF(Cp_Database_200!$E$2:$E$201, B13) -> 1 | D13: High-temperature oxidation-resistant silicides (Mg2Si) | E13: Heating elements, aerospace coatings
B14: Halide & Salt | C14: =COUNTIF(Cp_Database_200!$E$2:$E$201, B14) -> 51 | D14: Alkali & alkaline earth halides (NaCl, KCl, CaF2, LiF, AgCl, CsCl, PbI2, etc.) | E14: Optical windows, fluxing agents, molten salt electrolytes
B15: Carbonate | C15: =COUNTIF(Cp_Database_200!$E$2:$E$201, B15) -> 4 | D15: Inorganic carbonates (MgCO3, Na2CO3, K2CO3, Li2CO3) | E15: Glass production flux, cement feedstock, chemical buffering
B16: Sulfate | C16: =COUNTIF(Cp_Database_200!$E$2:$E$201, B16) -> 8 | D16: Inorganic sulfates (MgSO4, Na2SO4, K2SO4, FeSO4, CuSO4, ZnSO4, etc.) | E16: Chemical processing, mineral processing, electroplating salts
B17: Hydroxide / Mineral | C17: =COUNTIF(Cp_Database_200!$E$2:$E$201, B17) -> 5 | D17: Hydrated bases & minerals (Ca(OH)2, Mg(OH)2, NaOH, KOH, LiOH) | E17: Refractory binders, desulfurization, mineral extraction
B18: Technological Fluid & Gas | C18: =COUNTIF(Cp_Database_200!$E$2:$E$201, B18) -> 44 | D18: Industrial gases & working fluids (O2, N2, H2, H2O, NH3, CH4, Ar, Cl2, etc.) | E18: Metallurgical atmospheres, CVD precursors, cooling & process fluids
B19: TOTAL MATERIALS | C19: =SUM(C6:C18) -> 200 | D19: Full NIST Chemistry WebBook Standard Database

Sheet About_and_Instructions
B2: IIT (BHU) Varanasi - Department of Metallurgical Engineering
B3: MCR 202: Materials Characterization & Thermodynamics | Specific Heat Database Project
B5: Section / Feature | C5: Details and Documentation
B6: Project Objective | C6: Develop a comprehensive, standardized thermodynamic database and computational platform for calculating and analyzing specific heat capacity at constant pressure (Cp vs. T) for 200 distinct engineering materials.
B7: Thermodynamic Model | C7: NIST Shomate Polynomial Equation: Cp(T) = A + B*t + C*t^2 + D*t^3 + E/(t^2) [J/(mol*K)], where t = T / 1000 and T is temperature in Kelvin.
B8: Valid Range [Tmin, Tmax] | C8: Regression coefficients A, B, C, D, E are certified within [Tmin, Tmax] from the NIST Chemistry WebBook and NIST-JANAF Thermochemical Tables.
B9: Sheet 1: Cp_Database_200 | C9: Contains the complete master table of 200 materials with chemical formulas, material classes, NIST coefficients, temperature limits, and molar masses. Filterable and searchable.
B10: Sheet 2: Cp_Calculations | C10: Evaluates Cp across standard temperature benchmarks (298.15 K to 2000 K) using live Excel formulas. Shows '-' when outside valid range.
B11: Sheet 3: Interactive_Plotter | C11: Interactive visual tool. Enter any Sr. No. (1-200) in cell C5 to dynamically update material properties, temperature curve points, and the live embedded Excel chart.
B12: Sheet 4: Summary_by_Class | C12: Categorical breakdown of materials across Metals, Advanced Ceramics (Oxides, Carbides, Nitrides, Borides, Silicides), Semiconductors, Refractories, Halides, Salts, Carbonates, Sulfates, Hydroxides, and Technological Fluids.
B13: Companion Platform | C13: Interactive web dashboard available in the folder: interactive_cp_platform.html (run by double-clicking in any web browser) and Jupyter notebook: MCR202_Interactive_Cp_Platform.ipynb.
